Rank,Team,Conference,Season,Games,Win,Loss,TotalAssist,AssistPerGame,Total Turnovers,AssistTurnoverRatio,TotalBenchPts,BenchPtAverage,Total Blocks,BlocksPerGame,FieldGoalsMade,FieldGoalAttempted,FieldGoalPercentage,Opponent FGM,Opponent FGA,Opponent FG %,Team Fouls Total,PFPG,DQ,Free Throws Made,Free Throw Attempts,Free Throw Attempt Avg Per Game,Free Throw Percentage Season,Free Throws Made Per Game Avg
73,A&M-Corpus Christi ,Southland ,2023-2024,32,23,9,473,14.8,523,0.90,745,23.3,112,3.5,753,"1,887",39.9,671,"1,881",35.7,514,16.1,4,477,690,21.56,69.1,14.91
104,Abilene Christian ,WAC ,2023-2024,30,14,16,427,14.2,482,0.89,563,18.8,54,1.8,739,"1,799",41.1,727,"1,726",42.1,491,16.4,10,362,504,16.80,71.8,12.07
208,Air Force ,Mountain West ,2023-2024,32,15,17,396,12.4,473,0.84,554,17.3,71,2.2,750,"1,963",38.2,756,"1,711",44.2,604,18.9,11,320,425,13.28,75.3,10.00
218,Akron ,MAC ,2023-2024,29,11,18,355,12.2,472,0.75,492,17,75,2.6,656,"1,693",38.7,715,"1,686",42.4,454,15.7,11,323,449,15.48,71.9,11.14
173,Alabama ,SEC ,2023-2024,34,24,10,441,13,512,0.86,480,14.1,153,4.5,892,"2,054",43.4,792,"2,024",39.1,535,15.7,17,454,638,18.76,71.2,13.35
279,Alabama A&M ,SWAC ,2023-2024,31,15,16,346,11.2,542,0.64,512,16.5,92,3,703,"1,835",38.3,682,"1,726",39.5,510,16.5,9,385,559,18.03,68.9,12.42
327,Alabama St. ,SWAC ,2023-2024,29,3,26,290,10,665,0.44,586,20.2,114,3.9,517,"1,551",33.3,748,"1,760",42.5,604,20.8,11,281,438,15.10,64.2,9.69
259,Alcorn ,SWAC ,2023-2024,32,12,20,369,11.5,569,0.65,421,13.2,102,3.2,623,"1,711",36.4,666,"1,787",37.3,621,19.4,12,378,589,18.41,64.2,11.81
107,American ,Patriot ,2023-2024,30,10,20,426,14.2,496,0.86,497,16.6,47,1.6,686,"1,713",40,719,"1,686",42.6,538,17.9,13,325,473,15.77,68.7,10.83
183,App State ,Sun Belt ,2023-2024,32,17,15,410,12.8,564,0.73,638,19.9,95,3,795,"2,052",38.7,865,"2,041",42.4,598,18.7,20,483,705,22.03,68.5,15.09
90,Arizona ,Pac-12 ,2023-2024,34,18,16,493,14.5,510,0.97,578,17,132,3.9,893,"2,023",44.1,810,"1,908",42.5,641,18.9,21,442,591,17.38,74.8,13.00
336,Arizona St. ,Pac-12 ,2023-2024,31,11,20,301,9.7,383,0.79,369,11.9,73,2.4,699,"1,851",37.8,796,"1,858",42.8,567,18.3,11,367,538,17.35,68.2,11.84
51,Ark.-Pine Bluff ,SWAC ,2023-2024,33,17,16,511,15.5,541,0.94,655,19.8,144,4.4,870,"2,096",41.5,766,"2,013",38.1,694,21,10,475,746,22.61,63.7,14.39
294,Arkansas ,SEC ,2023-2024,33,18,15,356,10.8,418,0.85,251,7.6,172,5.2,779,"2,081",37.4,858,"2,146",40,474,14.4,5,446,619,18.76,72.1,13.52
277,Arkansas St. ,Sun Belt ,2023-2024,30,13,17,336,11.2,410,0.82,351,11.7,67,2.2,694,"1,730",40.1,715,"1,764",40.5,459,15.3,4,403,534,17.80,75.5,13.43
291,Army West Point ,Patriot ,2023-2024,29,12,17,316,10.9,418,0.76,507,17.5,66,2.3,626,"1,710",36.6,678,"1,531",44.3,498,17.2,13,311,428,14.76,72.7,10.72
184,Auburn ,SEC ,2023-2024,32,20,12,408,12.8,497,0.82,692,21.6,128,4,789,"1,950",40.5,652,"1,717",38,593,18.5,3,426,605,18.91,70.4,13.31
243,Austin Peay ,ASUN ,2023-2024,33,17,16,387,11.7,562,0.69,598,18.1,133,4,754,"1,706",44.2,701,"1,811",38.7,600,18.2,8,404,585,17.73,69.1,12.24
50,Ball St. ,MAC ,2023-2024,34,28,6,529,15.6,486,1.09,771,22.7,113,3.3,884,"1,992",44.4,773,"1,870",41.3,541,15.9,3,430,606,17.82,71,12.65
16,Baylor ,Big 12 ,2023-2024,34,26,8,616,18.1,534,1.15,805,23.7,87,2.6,957,"2,158",44.3,775,"1,956",39.6,577,17,4,371,531,15.62,69.9,10.91
45,Belmont ,MVC ,2023-2024,35,26,9,553,15.8,507,1.09,480,13.7,133,3.8,878,"1,981",44.3,817,"2,074",39.4,554,15.8,9,435,613,17.51,71,12.43
136,Bethune-Cookman ,SWAC ,2023-2024,31,15,16,417,13.5,501,0.83,664,21.4,75,2.4,735,"1,919",38.3,670,"1,786",37.5,543,17.5,15,475,723,23.32,65.7,15.32
140,Binghamton ,America East ,2023-2024,31,14,17,416,13.4,435,0.96,473,15.3,98,3.2,725,"1,716",42.2,696,"1,722",40.4,522,16.8,8,267,368,11.87,72.6,8.61
85,Boise St. ,Mountain West ,2023-2024,35,21,14,511,14.6,528,0.97,766,21.9,216,6.2,812,"2,036",39.9,768,"2,081",36.9,528,15.1,5,386,573,16.37,67.4,11.03
70,Boston College ,ACC ,2023-2024,33,14,19,491,14.9,517,0.95,509,15.4,87,2.6,892,"2,108",42.3,855,"1,900",45,603,18.3,12,407,597,18.09,68.2,12.33
93,Boston U. ,Patriot ,2023-2024,32,20,12,463,14.5,511,0.91,472,14.8,158,4.9,735,"1,668",44.1,731,"1,927",37.9,452,14.1,10,338,483,15.09,70,10.56
97,Bowling Green ,MAC ,2023-2024,31,16,15,444,14.3,471,0.94,344,11.1,86,2.8,759,"1,742",43.6,794,"1,841",43.1,525,16.9,14,356,506,16.32,70.4,11.48
215,Bradley ,MVC ,2023-2024,32,6,26,393,12.3,520,0.76,585,18.3,60,1.9,707,"1,774",39.9,906,"2,011",45.1,511,16,5,326,454,14.19,71.8,10.19
251,Brown ,Ivy League ,2023-2024,27,16,11,314,11.6,414,0.76,265,9.8,101,3.7,621,"1,585",39.2,634,"1,610",39.4,428,15.9,10,269,396,14.67,67.9,9.96
147,Bryant ,America East ,2023-2024,30,15,15,400,13.3,480,0.83,319,10.6,82,2.7,670,"1,643",40.8,687,"1,724",39.8,448,14.9,7,293,477,15.90,61.4,9.77
285,Bucknell ,Patriot ,2023-2024,31,13,18,342,11,473,0.72,300,9.7,113,3.6,622,"1,596",39,724,"1,827",39.6,438,14.1,6,367,497,16.03,73.8,11.84
157,Buffalo ,MAC ,2023-2024,33,19,14,436,13.2,458,0.95,355,10.8,67,2,788,"1,904",41.4,760,"1,965",38.7,606,18.4,12,412,558,16.91,73.8,12.48
66,Butler ,Big East ,2023-2024,32,15,17,479,15,465,1.03,600,18.8,76,2.4,743,"1,769",42,774,"1,819",42.6,405,12.7,4,249,348,10.88,71.6,7.78
57,BYU ,Big 12 ,2023-2024,33,16,17,504,15.3,561,0.90,419,12.7,123,3.7,796,"1,834",43.4,770,"1,968",39.1,565,17.1,9,337,542,16.42,62.2,10.21
200,Cal Poly ,Big West ,2023-2024,31,17,14,388,12.5,589,0.66,525,16.9,119,3.8,674,"1,654",40.7,648,"1,633",39.7,603,19.5,11,366,491,15.84,74.5,11.81
152,Cal St. Fullerton ,Big West ,2023-2024,31,10,21,411,13.3,521,0.79,553,17.8,96,3.1,685,"1,743",39.3,748,"1,778",42.1,460,14.8,4,303,398,12.84,76.1,9.77
121,California ,Pac-12 ,2023-2024,34,19,15,473,13.9,506,0.93,653,19.2,95,2.8,809,"2,021",40,839,"1,981",42.4,563,16.6,14,350,465,13.68,75.3,10.29
8,California Baptist ,WAC ,2023-2024,32,28,4,604,18.9,455,1.33,563,17.6,51,1.6,886,"2,123",41.7,804,"2,117",38,600,18.8,18,486,654,20.44,74.3,15.19
152,Campbell ,CAA ,2023-2024,31,17,14,411,13.3,520,0.79,572,18.5,104,3.4,699,"1,648",42.4,643,"1,733",37.1,428,13.8,2,273,411,13.26,66.4,8.81
160,Canisius ,MAAC ,2023-2024,31,17,14,408,13.2,517,0.79,502,16.2,57,1.8,672,"1,698",39.6,706,"1,739",40.6,516,16.6,13,307,456,14.71,67.3,9.90
321,Central Ark. ,ASUN ,2023-2024,33,21,12,340,10.3,502,0.68,737,22.3,118,3.6,801,"1,880",42.6,694,"1,891",36.7,533,16.2,6,362,517,15.67,70,10.97
270,Central Conn. St. ,NEC ,2023-2024,30,9,21,340,11.3,424,0.80,286,9.5,70,2.3,665,"1,735",38.3,720,"1,749",41.2,512,17.1,11,291,384,12.80,75.8,9.70
253,Central Mich. ,MAC ,2023-2024,28,6,22,325,11.6,586,0.55,606,21.6,107,3.8,642,"1,663",38.6,729,"1,801",40.5,500,17.9,10,283,442,15.79,64,10.11
265,Charleston So. ,Big South ,2023-2024,30,11,19,342,11.4,597,0.57,484,16.1,91,3,693,"1,768",39.2,736,"1,838",40,501,16.7,7,305,445,14.83,68.5,10.17
221,Charlotte ,AAC ,2023-2024,31,16,15,378,12.2,561,0.67,472,15.2,106,3.4,683,"1,743",39.2,704,"1,822",38.6,551,17.8,9,472,636,20.52,74.2,15.23
337,Chattanooga ,SoCon ,2023-2024,33,28,5,320,9.7,409,0.78,518,15.7,66,2,749,"1,679",44.6,644,"1,712",37.6,537,16.3,11,412,534,16.18,77.2,12.48
297,Chicago St. ,DI Independent ,2023-2024,27,1,26,290,10.7,569,0.51,407,15.1,135,5,599,"1,633",36.7,818,"1,830",44.7,558,20.7,13,326,448,16.59,72.8,12.07
340,Cincinnati ,Big 12 ,2023-2024,32,14,18,295,9.2,520,0.57,580,18.1,107,3.3,670,"1,875",35.7,748,"1,844",40.6,567,17.7,8,510,704,22.00,72.4,15.94
102,Clemson ,ACC ,2023-2024,31,12,19,442,14.3,525,0.84,483,15.6,52,1.7,779,"1,808",43.1,832,"1,933",43,483,15.6,10,387,537,17.32,72.1,12.48
139,Cleveland St. ,Horizon ,2023-2024,35,29,6,470,13.4,510,0.92,543,15.5,100,2.9,924,"1,995",46.3,786,"2,037",38.6,547,15.6,6,563,796,22.74,70.7,16.09
288,Coastal Carolina ,Sun Belt ,2023-2024,33,12,21,362,11,635,0.57,574,17.4,125,3.8,781,"1,956",39.9,831,"2,067",40.2,629,19.1,14,492,757,22.94,65,14.91
198,Col. of Charleston ,CAA ,2023-2024,32,22,10,402,12.6,425,0.95,488,15.3,69,2.2,877,"2,188",40.1,732,"1,880",38.9,523,16.3,11,405,556,17.38,72.8,12.66
101,Colgate ,Patriot ,2023-2024,34,20,14,485,14.3,458,1.06,471,13.9,80,2.4,791,"1,834",43.1,743,"1,811",41,482,14.2,7,388,523,15.38,74.2,11.41
11,Colorado ,Pac-12 ,2023-2024,34,24,10,632,18.6,472,1.34,693,20.4,99,2.9,965,"2,112",45.7,779,"1,904",40.9,596,17.5,10,396,549,16.15,72.1,11.65
83,Colorado St. ,Mountain West ,2023-2024,31,20,11,453,14.6,283,1.60,446,14.4,144,4.6,794,"1,794",44.3,702,"1,894",37.1,382,12.3,4,281,358,11.55,78.5,9.06
29,Columbia ,Ivy League ,2023-2024,30,23,7,501,16.7,451,1.11,610,20.3,68,2.3,838,"1,850",45.3,703,"1,762",39.9,519,17.3,5,358,502,16.73,71.3,11.93
335,Coppin St. ,MEAC ,2023-2024,30,12,18,292,9.7,492,0.59,340,11.3,68,2.3,581,"1,671",34.8,682,"1,705",40,432,14.4,8,332,534,17.80,62.2,11.07
305,Cornell ,Ivy League ,2023-2024,26,7,19,277,10.7,422,0.66,444,17.1,38,1.5,545,"1,455",37.5,639,"1,492",42.8,481,18.5,14,295,418,16.08,70.6,11.35
23,Creighton ,Big East ,2023-2024,32,26,6,554,17.3,346,1.60,366,11.4,119,3.7,858,"1,925",44.6,752,"1,861",40.4,476,14.9,6,348,421,13.16,82.7,10.88
315,CSU Bakersfield ,Big West ,2023-2024,29,8,21,302,10.4,391,0.77,460,15.9,74,2.6,622,"1,703",36.5,700,"1,671",41.9,483,16.7,6,242,355,12.24,68.2,8.34
292,CSUN ,Big West ,2023-2024,30,3,27,325,10.8,538,0.60,468,15.6,109,3.6,605,"1,752",34.5,751,"1,888",39.8,524,17.5,16,311,464,15.47,67,10.37
316,Dartmouth ,Ivy League ,2023-2024,26,7,19,270,10.4,414,0.65,304,11.7,66,2.5,475,"1,338",35.5,608,"1,513",40.2,280,10.8,1,181,265,10.19,68.3,6.96
262,Davidson ,Atlantic 10 ,2023-2024,26,18,8,298,11.5,363,0.82,395,15.2,113,4.3,627,"1,433",43.8,516,"1,367",37.7,430,16.5,10,271,374,14.38,72.5,10.42
193,Dayton ,Atlantic 10 ,2023-2024,31,12,19,391,12.6,562,0.70,642,20.7,80,2.6,755,"1,885",40.1,782,"1,788",43.7,548,17.7,6,320,439,14.16,72.9,10.32
167,Delaware ,CAA ,2023-2024,31,11,20,404,13,545,0.74,710,22.9,84,2.7,769,"1,861",41.3,759,"1,885",40.3,552,17.8,9,367,514,16.58,71.4,11.84
322,Delaware St. ,MEAC ,2023-2024,28,8,20,287,10.3,523,0.55,536,19.1,61,2.2,581,"1,609",36.1,762,"1,726",44.1,399,14.3,6,303,452,16.14,67,10.82
194,Denver ,Summit League ,2023-2024,30,8,22,378,12.6,415,0.91,327,10.9,71,2.4,670,"1,668",40.2,778,"1,738",44.8,504,16.8,12,344,502,16.73,68.5,11.47
31,DePaul ,Big East ,2023-2024,32,12,20,533,16.7,473,1.13,575,18,102,3.2,854,"2,112",40.4,837,"1,926",43.5,579,18.1,16,338,455,14.22,74.3,10.56
301,Detroit Mercy ,Horizon ,2023-2024,33,17,16,353,10.7,628,0.56,604,18.3,105,3.2,741,"1,780",41.6,740,"1,927",38.4,541,16.4,1,359,510,15.45,70.4,10.88
3,Drake ,MVC ,2023-2024,35,29,6,698,19.9,621,1.12,506,14.5,165,4.7,"1,031","2,113",48.8,939,"2,261",41.5,488,13.9,6,492,638,18.23,77.1,14.06
55,Drexel ,CAA ,2023-2024,34,19,15,521,15.3,460,1.13,574,16.9,77,2.3,766,"1,910",40.1,714,"1,785",40,470,13.8,3,262,360,10.59,72.8,7.71
90,Duke ,ACC ,2023-2024,34,22,12,493,14.5,581,0.85,741,21.8,194,5.7,879,"1,984",44.3,700,"1,894",37,601,17.7,7,365,476,14.00,76.7,10.74
158,Duquesne ,Atlantic 10 ,2023-2024,34,21,13,449,13.2,513,0.88,707,20.8,139,4.1,853,"2,011",42.4,809,"2,075",39,552,16.2,9,364,522,15.35,69.7,10.71
201,East Carolina ,AAC ,2023-2024,33,19,14,412,12.5,568,0.73,523,15.8,175,5.3,784,"1,992",39.4,738,"1,911",38.6,615,18.6,13,464,651,19.73,71.3,14.06
119,Eastern Ill. ,OVC ,2023-2024,33,15,18,461,14,585,0.79,387,11.7,129,3.9,804,"1,965",40.9,844,"2,055",41.1,491,14.9,11,374,516,15.64,72.5,11.33
118,Eastern Ky. ,ASUN ,2023-2024,34,22,12,476,14,517,0.92,633,18.6,71,2.1,885,"2,153",41.1,776,"1,918",40.5,585,17.2,16,485,690,20.29,70.3,14.26
330,Eastern Mich. ,MAC ,2023-2024,29,7,22,287,9.9,542,0.53,482,16.6,108,3.7,619,"1,671",37,710,"1,684",42.2,527,18.2,9,293,417,14.38,70.3,10.10
128,Eastern Wash. ,Big Sky ,2023-2024,35,29,6,478,13.7,404,1.18,591,16.9,89,2.5,903,"2,206",40.9,715,"1,931",37,483,13.8,5,340,453,12.94,75.1,9.71
282,Elon ,CAA ,2023-2024,32,11,21,355,11.1,543,0.65,618,19.3,99,3.1,655,"1,856",35.3,700,"1,787",39.2,546,17.1,4,250,387,12.09,64.6,7.81
325,ETSU ,SoCon ,2023-2024,30,18,12,303,10.1,409,0.74,455,15.2,74,2.5,643,"1,609",40,611,"1,627",37.6,424,14.1,4,315,457,15.23,68.9,10.50
223,Evansville ,MVC ,2023-2024,32,4,28,390,12.2,588,0.66,515,16.1,75,2.3,693,"1,920",36.1,961,"2,049",46.9,592,18.5,16,470,660,20.63,71.2,14.69
24,Fairfield ,MAAC ,2023-2024,33,31,2,567,17.2,560,1.01,675,20.5,84,2.5,892,"1,929",46.2,634,"1,755",36.1,622,18.8,11,315,447,13.55,70.5,9.55
221,FDU ,NEC ,2023-2024,31,14,17,378,12.2,475,0.80,384,12.4,61,2,651,"1,733",37.6,693,"1,756",39.5,483,15.6,10,286,392,12.65,73,9.23
69,FGCU ,ASUN ,2023-2024,34,29,5,506,14.9,450,1.12,709,20.9,89,2.6,882,"2,007",43.9,696,"1,730",40.2,522,15.4,10,459,648,19.06,70.8,13.50
224,FIU ,CUSA ,2023-2024,33,21,12,401,12.2,600,0.67,808,24.5,109,3.3,800,"1,954",40.9,764,"1,909",40,630,19.1,18,464,654,19.82,70.9,14.06
290,Fla. Atlantic ,AAC ,2023-2024,30,11,19,327,10.9,515,0.63,650,21.7,74,2.5,645,"1,623",39.7,745,"1,865",39.9,453,15.1,9,340,538,17.93,63.2,11.33
232,Florida ,SEC ,2023-2024,32,16,16,382,11.9,480,0.80,863,27,108,3.4,885,"2,057",43,798,"1,948",41,619,19.3,16,421,587,18.34,71.7,13.16
333,Florida A&M ,SWAC ,2023-2024,30,9,21,293,9.8,593,0.49,444,14.8,69,2.3,647,"1,716",37.7,723,"1,745",41.4,622,20.7,26,367,503,16.77,73,12.23
169,Florida St. ,ACC ,2023-2024,34,23,11,443,13,393,1.13,442,13,154,4.5,970,"2,346",41.3,944,"2,393",39.4,491,14.4,6,487,632,18.59,77.1,14.32
216,Fordham ,Atlantic 10 ,2023-2024,29,12,17,356,12.3,473,0.75,467,16.1,106,3.7,703,"1,742",40.4,654,"1,615",40.5,463,16,7,249,383,13.21,65,8.59
270,Fresno St. ,Mountain West ,2023-2024,33,15,18,374,11.3,442,0.85,726,22,75,2.3,777,"1,964",39.6,765,"1,748",43.8,491,14.9,4,342,468,14.18,73.1,10.36
167,Furman ,SoCon ,2023-2024,31,15,16,404,13,518,0.78,754,24.3,67,2.2,734,"1,833",40,760,"1,867",40.7,499,16.1,10,398,563,18.16,70.7,12.84
186,Ga. Southern ,Sun Belt ,2023-2024,33,15,18,420,12.7,599,0.70,845,25.6,159,4.8,904,"2,306",39.2,825,"2,155",38.3,650,19.7,11,447,675,20.45,66.2,13.55
309,Gardner-Webb ,Big South ,2023-2024,30,6,24,316,10.5,552,0.57,506,16.9,59,2,683,"1,821",37.5,818,"1,861",44,605,20.2,21,276,394,13.13,70.1,9.20
225,George Mason ,Atlantic 10 ,2023-2024,31,23,8,376,12.1,409,0.92,919,29.6,95,3.1,777,"1,968",39.5,660,"1,732",38.1,516,16.6,10,434,599,19.32,72.5,14.00
320,George Washington ,Atlantic 10 ,2023-2024,31,13,18,320,10.3,507,0.63,541,17.5,74,2.4,651,"1,760",37,642,"1,654",38.8,517,16.7,6,297,424,13.68,70,9.58
204,Georgetown ,Big East ,2023-2024,35,23,12,436,12.5,536,0.81,624,17.8,140,4,771,"1,932",39.9,700,"1,871",37.4,571,16.3,9,323,459,13.11,70.4,9.23
144,Georgia ,SEC ,2023-2024,30,12,18,401,13.4,486,0.83,540,18,88,2.9,729,"1,799",40.5,725,"1,853",39.1,488,16.3,7,332,483,16.10,68.7,11.07
132,Georgia St. ,Sun Belt ,2023-2024,30,15,15,408,13.6,467,0.87,708,23.6,94,3.1,759,"1,880",40.4,726,"1,838",39.5,549,18.3,10,395,555,18.50,71.2,13.17
61,Georgia Tech ,ACC ,2023-2024,33,17,16,502,15.2,443,1.13,494,15,59,1.8,834,"1,998",41.7,850,"2,027",41.9,492,14.9,3,376,535,16.21,70.3,11.39
5,Gonzaga ,WCC ,2023-2024,36,32,4,702,19.5,477,1.47,486,13.5,118,3.3,"1,055","2,195",48.1,821,"2,057",39.9,512,14.2,8,433,542,15.06,79.9,12.03
127,Grambling ,SWAC ,2023-2024,33,23,10,451,13.7,614,0.73,"1,061",32.2,72,2.2,860,"2,161",39.8,743,"1,988",37.4,687,20.8,20,491,708,21.45,69.4,14.88
63,Grand Canyon ,WAC ,2023-2024,32,24,8,481,15,488,0.99,714,22.3,73,2.3,830,"1,861",44.6,637,"1,668",38.2,533,16.7,11,375,518,16.19,72.4,11.72
7,Green Bay ,Horizon ,2023-2024,34,27,7,648,19.1,373,1.74,776,22.8,72,2.1,941,"1,967",47.8,718,"1,859",38.6,438,12.9,5,403,513,15.09,78.6,11.85
345,Hampton ,CAA ,2023-2024,29,3,26,260,9,510,0.51,420,14.5,108,3.7,564,"1,659",34,669,"1,655",40.4,578,19.9,18,367,566,19.52,64.8,12.66
94,Harvard ,Ivy League ,2023-2024,28,16,12,405,14.5,387,1.05,360,12.9,95,3.4,720,"1,674",43,644,"1,586",40.6,507,18.1,14,304,406,14.50,74.9,10.86
293,Hawaii ,Big West ,2023-2024,31,20,11,335,10.8,456,0.73,672,21.7,96,3.1,626,"1,612",38.8,633,"1,752",36.1,462,14.9,4,369,498,16.06,74.1,11.90
247,High Point ,Big South ,2023-2024,32,20,12,374,11.7,486,0.77,754,23.6,95,3,703,"1,740",40.4,730,"1,882",38.8,541,16.9,7,377,529,16.53,71.3,11.78
264,Hofstra ,CAA ,2023-2024,32,11,21,365,11.4,594,0.61,553,17.3,83,2.6,655,"1,795",36.5,671,"1,750",38.3,590,18.4,11,315,489,15.28,64.4,9.84
67,Holy Cross ,Patriot ,2023-2024,34,21,13,508,14.9,431,1.18,442,13,127,3.7,802,"2,009",39.9,700,"1,924",36.4,531,15.6,11,333,456,13.41,73,9.79
289,Houston ,Big 12 ,2023-2024,30,14,16,328,10.9,463,0.71,783,26.1,120,4,726,"1,939",37.4,744,"1,700",43.8,569,19,15,377,517,17.23,72.9,12.57
314,Houston Christian ,Southland ,2023-2024,29,6,23,303,10.4,518,0.58,460,15.9,118,4.1,569,"1,551",36.7,699,"1,751",39.9,464,16,5,276,376,12.97,73.4,9.52
310,Howard ,MEAC ,2023-2024,31,15,16,326,10.5,510,0.64,686,22.1,99,3.2,625,"1,772",35.3,597,"1,721",34.7,549,17.7,15,428,626,20.19,68.4,13.81
281,Idaho ,Big Sky ,2023-2024,31,15,16,344,11.1,420,0.82,428,13.8,83,2.7,672,"1,704",39.4,657,"1,707",38.5,411,13.3,5,308,398,12.84,77.4,9.94
277,Idaho St. ,Big Sky ,2023-2024,30,11,19,336,11.2,451,0.75,554,18.5,96,3.2,671,"1,758",38.2,614,"1,600",38.4,531,17.7,10,327,454,15.13,72,10.90
111,Illinois ,Big Ten ,2023-2024,34,19,15,481,14.1,422,1.14,445,13.1,87,2.6,959,"2,095",45.8,852,"2,058",41.4,517,15.2,4,434,546,16.06,79.5,12.76
111,Illinois St. ,MVC ,2023-2024,34,22,12,481,14.1,496,0.97,747,22,137,4,873,"1,956",44.6,856,"2,128",40.2,532,15.6,15,536,694,20.41,77.2,15.76
14,Indiana ,Big Ten ,2023-2024,32,26,6,591,18.5,417,1.42,366,11.4,139,4.3,941,"1,867",50.4,774,"1,920",40.3,500,15.6,4,394,536,16.75,73.5,12.31
252,Indiana St. ,MVC ,2023-2024,32,11,21,372,11.6,569,0.65,550,17.2,110,3.4,725,"1,884",38.5,795,"1,876",42.4,631,19.7,17,452,602,18.81,75.1,14.13
179,Iona ,MAAC ,2023-2024,30,11,19,386,12.9,495,0.78,420,14,65,2.2,627,"1,595",39.3,736,"1,769",41.6,426,14.2,4,267,367,12.23,72.8,8.90
1,Iowa ,Big Ten ,2023-2024,39,34,5,811,20.8,538,1.51,758,19.4,131,3.4,"1,260","2,542",49.6,"1,041","2,603",40,562,14.4,9,602,772,19.79,78,15.44
10,Iowa St. ,Big 12 ,2023-2024,33,21,12,620,18.8,541,1.15,637,19.3,99,3,911,"1,946",46.8,833,"2,139",38.9,462,14,10,380,524,15.88,72.5,11.52
166,IU Indy ,Horizon ,2023-2024,30,7,23,393,13.1,559,0.70,530,17.7,123,4.1,684,"1,703",40.2,827,"1,938",42.7,541,18,10,427,629,20.97,67.9,14.23
217,Jackson St. ,SWAC ,2023-2024,33,26,7,404,12.2,498,0.81,875,26.5,170,5.2,801,"2,009",39.9,657,"1,924",34.1,576,17.5,6,579,817,24.76,70.9,17.55
348,Jacksonville ,ASUN ,2023-2024,31,11,20,262,8.5,645,0.41,529,17.1,64,2.1,680,"1,665",40.8,772,"1,831",42.2,642,20.7,17,510,731,23.58,69.8,16.45
258,Jacksonville St. ,CUSA ,2023-2024,29,12,17,335,11.6,458,0.73,727,25.1,71,2.4,622,"1,733",35.9,681,"1,641",41.5,444,15.3,4,281,407,14.03,69,9.69
161,James Madison ,Sun Belt ,2023-2024,35,23,12,460,13.1,592,0.78,974,27.8,97,2.8,941,"2,234",42.1,831,"2,303",36.1,610,17.4,9,454,671,19.17,67.7,12.97
294,Kansas ,Big 12 ,2023-2024,33,20,13,356,10.8,442,0.81,253,7.7,131,4,807,"1,836",44,773,"1,948",39.7,559,16.9,15,456,636,19.27,71.7,13.82
214,Kansas City ,Summit League ,2023-2024,32,12,20,394,12.3,513,0.77,895,28,123,3.8,799,"1,935",41.3,699,"1,761",39.7,696,21.8,15,350,552,17.25,63.4,10.94
12,Kansas St. ,Big 12 ,2023-2024,34,26,8,631,18.6,480,1.31,672,19.8,178,5.2,925,"2,027",45.6,716,"1,977",36.2,526,15.5,4,369,537,15.79,68.7,10.85
331,Kennesaw St. ,ASUN ,2023-2024,30,11,19,296,9.9,529,0.56,552,18.4,100,3.3,657,"1,729",38,691,"1,645",42,545,18.2,9,355,536,17.87,66.2,11.83
116,Kent St. ,MAC ,2023-2024,32,21,11,450,14.1,432,1.04,624,19.5,119,3.7,849,"1,997",42.5,726,"1,860",39,481,15,3,383,532,16.63,72,11.97
254,Kentucky ,SEC ,2023-2024,32,12,20,371,11.6,529,0.70,698,21.8,98,3.1,757,"1,924",39.3,907,"1,961",46.3,536,16.8,9,392,618,19.31,63.4,12.25
248,La Salle ,Atlantic 10 ,2023-2024,30,8,22,350,11.7,494,0.71,530,17.7,64,2.1,627,"1,788",35.1,791,"1,853",42.7,503,16.8,8,238,371,12.37,64.2,7.93
270,Lafayette ,Patriot ,2023-2024,30,10,20,340,11.3,463,0.73,371,12.4,78,2.6,647,"1,595",40.6,701,"1,717",40.8,416,13.9,6,231,333,11.10,69.4,7.70
177,Lamar University ,Southland ,2023-2024,31,24,7,400,12.9,424,0.94,636,20.5,61,2,769,"1,820",42.3,635,"1,608",39.5,508,16.4,5,397,553,17.84,71.8,12.81
60,Lehigh ,Patriot ,2023-2024,30,17,13,457,15.2,483,0.95,505,16.8,110,3.7,712,"1,678",42.4,739,"1,839",40.2,400,13.3,2,396,512,17.07,77.3,13.20
99,Liberty ,CUSA ,2023-2024,34,18,16,486,14.3,547,0.89,489,14.4,143,4.2,833,"1,968",42.3,796,"2,068",38.5,589,17.3,11,338,469,13.79,72.1,9.94
250,Lipscomb ,ASUN ,2023-2024,30,17,13,349,11.6,430,0.81,472,15.7,100,3.3,728,"1,830",39.8,732,"1,894",38.6,494,16.5,7,363,532,17.73,68.2,12.10
274,Little Rock ,OVC ,2023-2024,30,12,18,338,11.3,440,0.77,368,12.3,76,2.5,636,"1,598",39.8,627,"1,504",41.7,560,18.7,17,303,478,15.93,63.4,10.10
220,LIU ,NEC ,2023-2024,30,8,22,366,12.2,562,0.65,501,16.7,90,3,635,"1,661",38.2,758,"1,801",42.1,484,16.1,14,308,444,14.80,69.4,10.27
182,LMU CA,WCC,2023-2024,30,11,19,385,12.8,475,0.81,575,19.2,76,2.5,668,"1,720",38.8,725,"1,665",43.5,500,16.7,7,283,407,13.57,69.5,9.43
229,Long Beach St. ,Big West ,2023-2024,33,15,18,398,12.1,668,0.60,703,21.3,93,2.8,813,"2,001",40.6,831,"2,104",39.5,613,18.6,19,409,591,17.91,69.2,12.39
326,Longwood ,Big South ,2023-2024,30,9,21,302,10.1,548,0.55,607,20.2,58,1.9,680,"1,777",38.3,762,"1,850",41.2,472,15.7,1,359,529,17.63,67.9,11.97
344,Louisiana ,Sun Belt ,2023-2024,31,17,14,280,9,458,0.61,577,18.6,48,1.5,658,"1,685",39.1,642,"1,645",39,541,17.5,14,333,485,15.65,68.7,10.74
145,Louisiana Tech ,CUSA ,2023-2024,33,14,19,441,13.4,513,0.86,675,20.5,80,2.4,752,"1,825",41.2,755,"1,852",40.8,550,16.7,2,355,509,15.42,69.7,10.76
149,Louisville ,ACC ,2023-2024,34,24,10,453,13.3,528,0.86,801,23.6,58,1.7,913,"2,027",45,784,"1,884",41.6,610,17.9,8,505,673,19.79,75,14.85
87,Loyola Chicago ,Atlantic 10 ,2023-2024,31,15,16,451,14.5,505,0.89,460,14.8,79,2.5,687,"1,697",40.5,725,"1,698",42.7,509,16.4,4,369,501,16.16,73.7,11.90
231,Loyola Maryland ,Patriot ,2023-2024,31,16,15,371,12,431,0.86,406,13.1,42,1.4,700,"1,668",42,688,"1,625",42.3,535,17.3,12,307,430,13.87,71.4,9.90
40,LSU ,SEC ,2023-2024,37,31,6,600,16.2,566,1.06,489,13.2,200,5.4,"1,137","2,459",46.2,854,"2,316",36.9,605,16.4,6,744,998,26.97,74.5,20.11
90,Maine ,America East ,2023-2024,34,24,10,493,14.5,425,1.16,386,11.4,71,2.1,812,"2,007",40.5,738,"1,791",41.2,492,14.5,9,306,413,12.15,74.1,9.00
98,Manhattan ,MAAC ,2023-2024,30,18,12,429,14.3,483,0.89,366,12.2,111,3.7,630,"1,600",39.4,637,"1,658",38.4,387,12.9,8,300,388,12.93,77.3,10.00
188,Marist ,MAAC ,2023-2024,31,6,25,394,12.7,542,0.73,421,13.6,112,3.6,618,"1,750",35.3,744,"1,960",38,423,13.6,6,321,449,14.48,71.5,10.35
17,Marquette ,Big East ,2023-2024,32,23,9,572,17.9,469,1.22,360,11.3,122,3.8,844,"1,886",44.8,718,"1,796",40,492,15.4,3,329,431,13.47,76.3,10.28
35,Marshall ,Sun Belt ,2023-2024,33,26,7,543,16.5,537,1.01,761,23.1,86,2.6,"1,000","2,351",42.5,880,"1,957",45,705,21.4,11,464,692,20.97,67.1,14.06
38,Maryland ,Big Ten ,2023-2024,33,19,14,536,16.2,500,1.07,673,20.4,82,2.5,929,"2,108",44.1,890,"2,128",41.8,574,17.4,14,522,679,20.58,76.9,15.82
211,Massachusetts ,Atlantic 10 ,2023-2024,32,5,27,395,12.3,540,0.73,439,13.7,55,1.7,715,"1,796",39.8,797,"1,788",44.6,564,17.6,18,270,400,12.50,67.5,8.44
226,McNeese ,Southland ,2023-2024,31,6,25,375,12.1,588,0.64,694,22.4,63,2,691,"1,801",38.4,906,"2,028",44.7,544,17.5,10,488,676,21.81,72.2,15.74
287,Memphis ,AAC ,2023-2024,30,13,17,330,11,487,0.68,696,23.2,133,4.4,761,"2,041",37.3,739,"1,685",43.9,640,21.3,23,342,548,18.27,62.4,11.40
171,Mercer ,SoCon ,2023-2024,32,15,17,416,13,459,0.91,490,15.3,128,4,784,"2,009",39,742,"1,777",41.8,537,16.8,6,335,445,13.91,75.3,10.47
283,Merrimack ,NEC ,2023-2024,31,12,19,343,11.1,556,0.62,521,16.8,82,2.6,647,"1,784",36.3,674,"1,755",38.4,598,19.3,15,365,512,16.52,71.3,11.77
175,Miami FL,ACC ,2023-2024,31,19,12,401,12.9,499,0.80,759,24.5,117,3.8,802,"1,857",43.2,678,"1,814",37.4,507,16.4,8,261,404,13.03,64.6,8.42
255,Miami OH,MAC ,2023-2024,29,9,20,336,11.6,547,0.61,353,12.2,75,2.6,584,"1,551",37.7,642,"1,617",39.7,496,17.1,14,255,357,12.31,71.4,8.79
124,Michigan ,Big Ten ,2023-2024,34,20,14,471,13.9,510,0.92,574,16.9,75,2.2,880,"2,034",43.3,787,"1,830",43,572,16.8,12,380,523,15.38,72.7,11.18
9,Michigan St. ,Big Ten ,2023-2024,31,22,9,583,18.8,368,1.58,795,25.6,107,3.5,935,"1,944",48.1,775,"1,795",43.2,492,15.9,13,414,562,18.13,73.7,13.35
161,Middle Tenn. ,CUSA ,2023-2024,35,30,5,460,13.1,414,1.11,195,5.6,175,5,873,"2,007",43.5,709,"2,007",35.3,528,15.1,10,455,592,16.91,76.9,13.00
42,Milwaukee ,Horizon ,2023-2024,32,16,16,516,16.1,533,0.97,527,16.5,69,2.2,767,"1,786",42.9,712,"1,815",39.2,547,17.1,10,364,462,14.44,78.8,11.38
114,Minnesota ,Big Ten ,2023-2024,36,20,16,508,14.1,485,1.05,464,12.9,69,1.9,945,"2,261",41.8,890,"2,113",42.1,511,14.2,11,372,552,15.33,67.4,10.33
25,Mississippi St. ,SEC ,2023-2024,35,23,12,599,17.1,492,1.22,619,17.7,162,4.6,986,"2,194",44.9,874,"2,193",39.9,473,13.5,8,462,633,18.09,73,13.20
296,Mississippi Val. ,SWAC ,2023-2024,31,4,27,333,10.7,582,0.57,587,18.9,103,3.3,624,"1,909",32.7,825,"1,924",42.9,664,21.4,17,343,543,17.52,63.2,11.06
86,Missouri ,SEC ,2023-2024,30,11,19,437,14.6,486,0.90,460,15.3,59,2,772,"1,745",44.2,798,"1,895",42.1,495,16.5,15,309,402,13.40,76.9,10.30
88,Missouri St. ,MVC ,2023-2024,33,23,10,479,14.5,473,1.01,691,20.9,98,3,866,"1,990",43.5,722,"1,673",43.2,604,18.3,12,397,567,17.18,70,12.03
228,Monmouth ,CAA ,2023-2024,32,22,10,387,12.1,561,0.69,774,24.2,187,5.8,733,"1,792",40.9,721,"1,946",37.1,485,15.2,7,380,527,16.47,72.1,11.88
109,Montana ,Big Sky ,2023-2024,33,23,10,468,14.2,424,1.10,594,18,111,3.4,847,"1,962",43.2,788,"1,942",40.6,461,14,5,341,442,13.39,77.1,10.33
276,Montana St. ,Big Sky ,2023-2024,33,17,16,371,11.2,518,0.72,352,10.7,124,3.8,684,"1,823",37.5,685,"1,764",38.8,530,16.1,6,419,555,16.82,75.5,12.70
155,Morehead St. ,OVC ,2023-2024,30,15,15,397,13.2,532,0.75,620,20.7,100,3.3,710,"1,803",39.4,706,"1,791",39.4,544,18.1,15,367,575,19.17,63.8,12.23
341,Morgan St. ,MEAC ,2023-2024,30,8,22,275,9.2,554,0.50,598,19.9,109,3.6,606,"1,775",34.1,662,"1,604",41.3,533,17.8,12,286,430,14.33,66.5,9.53
285,Mount St. Mary's ,MAAC ,2023-2024,31,14,17,342,11,480,0.71,282,9.1,91,2.9,639,"1,752",36.5,661,"1,730",38.2,492,15.9,6,252,364,11.74,69.2,8.13
32,Murray St. ,MVC ,2023-2024,32,20,12,531,16.6,489,1.09,"1,133",35.4,87,2.7,973,"2,150",45.3,903,"2,060",43.8,577,18,6,507,643,20.09,78.8,15.84
185,N.C. A&T ,CAA ,2023-2024,34,22,12,433,12.7,573,0.76,460,13.5,102,3,763,"1,956",39,683,"1,959",34.9,532,15.6,9,501,678,19.94,73.9,14.74
174,N.C. Central ,MEAC ,2023-2024,31,16,15,402,13,615,0.65,524,16.9,130,4.2,757,"1,964",38.5,742,"1,993",37.2,573,18.5,15,363,574,18.52,63.2,11.71
212,Navy ,Patriot ,2023-2024,31,14,17,382,12.3,449,0.85,517,16.7,111,3.6,729,"1,912",38.1,705,"1,734",40.7,550,17.7,12,296,438,14.13,67.6,9.55
143,NC State ,ACC ,2023-2024,38,31,7,508,13.4,458,1.11,491,12.9,165,4.3,"1,010","2,378",42.5,891,"2,456",36.3,479,12.6,1,537,723,19.03,74.3,14.13
33,Nebraska ,Big Ten ,2023-2024,35,23,12,580,16.6,498,1.16,791,22.6,72,2.1,899,"2,141",42,832,"2,053",40.5,583,16.7,7,443,603,17.23,73.5,12.66
241,Nevada ,Mountain West ,2023-2024,32,16,16,378,11.8,467,0.81,679,21.2,92,2.9,763,"2,004",38.1,750,"1,773",42.3,561,17.5,11,337,476,14.88,70.8,10.53
318,New Hampshire ,America East ,2023-2024,29,9,20,300,10.3,483,0.62,693,23.9,65,2.2,591,"1,627",36.3,595,"1,450",41,479,16.5,12,255,353,12.17,72.2,8.79
242,New Mexico ,Mountain West ,2023-2024,32,21,11,376,11.8,455,0.83,303,9.5,90,2.8,748,"1,891",39.6,749,"1,956",38.3,416,13,3,358,510,15.94,70.2,11.19
273,New Mexico St. ,CUSA ,2023-2024,31,13,18,350,11.3,527,0.66,560,18.1,38,1.2,698,"1,739",40.1,672,"1,641",41,598,19.3,15,347,500,16.13,69.4,11.19
317,New Orleans ,Southland ,2023-2024,30,11,19,311,10.4,511,0.61,613,20.4,81,2.7,652,"1,851",35.2,733,"1,849",39.6,527,17.6,14,439,595,19.83,73.8,14.63
125,Niagara ,MAAC ,2023-2024,35,21,14,483,13.8,681,0.71,922,26.3,67,1.9,916,"2,410",38,863,"1,905",45.3,754,21.5,23,450,656,18.74,68.6,12.86
181,Nicholls ,Southland ,2023-2024,32,14,18,411,12.8,467,0.88,516,16.1,58,1.8,742,"1,915",38.7,699,"1,752",39.9,588,18.4,20,337,486,15.19,69.3,10.53
140,NIU ,MAC ,2023-2024,31,15,16,416,13.4,483,0.86,615,19.8,51,1.6,735,"1,853",39.7,763,"1,962",38.9,484,15.6,4,317,452,14.58,70.1,10.23
347,NJIT ,America East ,2023-2024,30,12,18,263,8.8,537,0.49,445,14.8,151,5,635,"1,642",38.7,704,"1,780",39.6,471,15.7,10,333,481,16.03,69.2,11.10
191,Norfolk St. ,MEAC ,2023-2024,33,27,6,417,12.6,448,0.93,541,16.4,104,3.2,815,"2,017",40.4,596,"1,650",36.1,559,16.9,9,396,543,16.45,72.9,12.00
107,North Ala. ,ASUN ,2023-2024,30,12,18,426,14.2,535,0.80,622,20.7,105,3.5,733,"1,767",41.5,805,"1,879",42.8,523,17.4,13,335,476,15.87,70.4,11.17
199,North Carolina ,ACC ,2023-2024,33,20,13,414,12.5,431,0.96,457,13.8,160,4.8,832,"2,014",41.3,730,"1,922",38,557,16.9,17,400,606,18.36,66,12.12
313,North Dakota ,Summit League ,2023-2024,30,9,21,314,10.5,531,0.59,527,17.6,67,2.2,732,"1,861",39.3,807,"1,912",42.2,596,19.9,10,404,549,18.30,73.6,13.47
151,North Dakota St. ,Summit League ,2023-2024,34,22,12,451,13.3,525,0.86,714,21,93,2.7,904,"2,029",44.6,834,"1,944",42.9,654,19.2,9,511,676,19.88,75.6,15.03
233,North Florida ,ASUN ,2023-2024,30,9,21,358,11.9,505,0.71,550,18.3,52,1.7,696,"1,763",39.5,760,"1,799",42.2,516,17.2,9,284,432,14.40,65.7,9.47
103,North Texas ,AAC ,2023-2024,32,23,9,456,14.3,542,0.84,782,24.4,86,2.7,863,"1,864",46.3,770,"2,023",38.1,507,15.8,8,508,751,23.47,67.6,15.88
180,Northeastern ,CAA ,2023-2024,27,10,17,347,12.9,460,0.75,281,10.4,68,2.5,580,"1,411",41.1,646,"1,593",40.6,405,15,9,222,351,13.00,63.2,8.22
43,Northern Ariz. ,Big Sky ,2023-2024,35,25,10,559,16,472,1.18,728,20.8,122,3.5,961,"2,280",42.1,880,"2,124",41.4,625,17.9,16,444,568,16.23,78.2,12.69
131,Northern Colo. ,Big Sky ,2023-2024,31,15,16,422,13.6,537,0.79,507,16.4,86,2.8,713,"1,653",43.1,716,"1,785",40.1,485,15.6,7,392,572,18.45,68.5,12.65
202,Northern Ky. ,Horizon ,2023-2024,31,11,20,387,12.5,485,0.80,367,11.8,58,1.9,746,"1,773",42.1,833,"1,902",43.8,510,16.5,15,407,597,19.26,68.2,13.13
21,Northwestern ,Big Ten ,2023-2024,30,9,21,525,17.5,490,1.07,592,19.7,122,4.1,745,"1,808",41.2,866,"1,928",44.9,520,17.3,9,329,424,14.13,77.6,10.97
329,Northwestern St. ,Southland ,2023-2024,30,11,19,298,9.9,517,0.58,571,19,90,3,630,"1,680",37.5,648,"1,735",37.3,503,16.8,6,335,517,17.23,64.8,11.17
39,Notre Dame ,ACC ,2023-2024,35,28,7,568,16.2,489,1.16,422,12.1,163,4.7,"1,035","2,273",45.5,813,"2,124",38.3,561,16,8,485,631,18.03,76.9,13.86
268,Oakland ,Horizon ,2023-2024,29,12,17,329,11.3,429,0.77,655,22.6,88,3,724,"1,883",38.4,754,"1,636",46.1,588,20.3,21,433,648,22.34,66.8,14.93
274,Ohio ,MAC ,2023-2024,30,11,19,338,11.3,557,0.61,683,22.8,47,1.6,674,"1,726",39,751,"1,768",42.5,550,18.3,11,355,515,17.17,68.9,11.83
20,Ohio St. ,Big Ten ,2023-2024,32,26,6,562,17.6,425,1.32,519,16.2,104,3.3,925,"1,981",46.7,737,"1,779",41.4,563,17.6,11,450,629,19.66,71.5,14.06
2,Oklahoma ,Big 12 ,2023-2024,33,23,10,663,20.1,532,1.25,804,24.4,126,3.8,943,"2,225",42.4,829,"2,120",39.1,591,17.9,7,374,525,15.91,71.2,11.33
120,Oklahoma St. ,Big 12 ,2023-2024,30,14,16,419,14,431,0.97,314,10.5,76,2.5,763,"1,733",44,738,"1,800",41,471,15.7,6,323,438,14.60,73.7,10.77
230,Old Dominion ,Sun Belt ,2023-2024,32,22,10,384,12,536,0.72,530,16.6,98,3.1,743,"1,988",37.4,652,"1,706",38.2,652,20.4,15,385,605,18.91,63.6,12.03
205,Ole Miss ,SEC ,2023-2024,33,24,9,411,12.5,517,0.79,595,18,190,5.8,825,"1,981",41.6,709,"1,867",38,575,17.4,9,510,734,22.24,69.5,15.45
219,Omaha ,Summit League ,2023-2024,31,8,23,379,12.2,467,0.81,752,24.3,41,1.3,751,"1,809",41.5,926,"1,940",47.7,591,19.1,11,543,741,23.90,73.3,17.52
81,Oral Roberts ,Summit League ,2023-2024,32,21,11,468,14.6,408,1.15,728,22.8,67,2.1,986,"2,288",43.1,903,"2,026",44.6,547,17.1,5,472,648,20.25,72.8,14.75
203,Oregon ,Pac-12 ,2023-2024,32,11,21,399,12.5,448,0.89,306,9.6,139,4.3,713,"1,821",39.2,850,"2,129",39.9,377,11.8,1,360,531,16.59,67.8,11.25
19,Oregon St. ,Pac-12 ,2023-2024,35,27,8,618,17.7,478,1.29,852,24.3,162,4.6,927,"2,001",46.3,803,"2,267",35.4,470,13.4,2,357,499,14.26,71.5,10.20
27,Pacific ,WCC ,2023-2024,34,19,15,572,16.8,588,0.97,535,15.7,112,3.3,921,"2,046",45,851,"2,097",40.6,617,18.1,16,421,552,16.24,76.3,12.38
146,Penn ,Ivy League ,2023-2024,28,15,13,374,13.4,421,0.89,374,13.4,111,4,681,"1,631",41.8,676,"1,661",40.7,422,15.1,7,302,398,14.21,75.9,10.79
22,Penn St. ,Big Ten ,2023-2024,35,22,13,606,17.3,585,1.04,881,25.2,150,4.3,"1,068","2,198",48.6,898,"2,157",41.6,657,18.8,12,464,619,17.69,75,13.26
303,Pepperdine ,WCC ,2023-2024,30,5,25,320,10.7,602,0.53,619,20.6,101,3.4,627,"1,653",37.9,769,"1,800",42.7,514,17.1,8,263,391,13.03,67.3,8.77
150,Pittsburgh ,ACC ,2023-2024,32,8,24,425,13.3,560,0.76,530,16.6,130,4.1,733,"1,853",39.6,790,"1,923",41.1,524,16.4,15,342,487,15.22,70.2,10.69
37,Portland ,WCC ,2023-2024,34,21,13,555,16.3,603,0.92,745,21.9,189,5.6,843,"1,978",42.6,779,"1,969",39.6,624,18.4,7,418,602,17.71,69.4,12.29
323,Portland St. ,Big Sky ,2023-2024,31,8,23,317,10.2,486,0.65,251,8.1,60,1.9,634,"1,652",38.4,795,"1,765",45,463,14.9,9,278,383,12.35,72.6,8.97
210,Prairie View ,SWAC ,2023-2024,29,11,18,358,12.3,557,0.64,723,24.9,105,3.6,667,"1,715",38.9,668,"1,572",42.5,637,22,16,421,598,20.62,70.4,14.52
172,Presbyterian ,Big South ,2023-2024,36,21,15,467,13,627,0.74,409,11.4,55,1.5,781,"1,944",40.2,804,"2,054",39.1,478,13.3,7,317,469,13.03,67.6,8.81
126,Princeton ,Ivy League ,2023-2024,30,25,5,413,13.8,394,1.05,545,18.2,108,3.6,821,"1,806",45.5,608,"1,523",39.9,465,15.5,6,283,402,13.40,70.4,9.43
261,Providence ,Big East ,2023-2024,34,13,21,392,11.5,654,0.60,444,13.1,125,3.7,716,"1,769",40.5,781,"2,041",38.3,531,15.6,11,380,566,16.65,67.1,11.18
59,Purdue ,Big Ten ,2023-2024,34,15,19,518,15.2,494,1.05,660,19.4,103,3,843,"2,030",41.5,860,"2,036",42.2,533,15.7,8,417,529,15.56,78.8,12.26
190,Purdue Fort Wayne ,Horizon ,2023-2024,36,23,13,456,12.7,490,0.93,671,18.6,96,2.7,908,"2,197",41.3,831,"2,044",40.7,601,16.7,11,419,565,15.69,74.2,11.64
189,Quinnipiac ,MAAC ,2023-2024,31,13,18,393,12.7,510,0.77,409,13.2,69,2.2,676,"1,697",39.8,727,"1,835",39.6,555,17.9,18,330,460,14.84,71.7,10.65
306,Radford ,Big South ,2023-2024,33,15,18,351,10.6,565,0.62,488,14.8,85,2.6,687,"1,852",37.1,737,"1,849",39.9,526,15.9,8,343,495,15.00,69.3,10.39
159,Rhode Island ,Atlantic 10 ,2023-2024,35,21,14,462,13.2,497,0.93,461,13.2,124,3.5,847,"2,076",40.8,738,"1,883",39.2,521,14.9,7,368,563,16.09,65.4,10.51
137,Rice ,AAC ,2023-2024,34,19,15,457,13.4,518,0.88,782,23,92,2.7,826,"2,068",39.9,773,"1,933",40,621,18.3,13,431,567,16.68,76,12.68
52,Richmond ,Atlantic 10 ,2023-2024,35,29,6,541,15.5,500,1.08,680,19.4,199,5.7,902,"1,906",47.3,785,"2,137",36.7,484,13.8,4,434,539,15.40,80.5,12.40
212,Rider ,MAAC ,2023-2024,31,10,21,382,12.3,554,0.69,435,14,97,3.1,618,"1,598",38.7,743,"1,876",39.6,470,15.2,4,295,426,13.74,69.2,9.52
298,Robert Morris ,Horizon ,2023-2024,30,6,24,322,10.7,490,0.66,551,18.4,91,3,629,"1,739",36.2,677,"1,612",42,600,20,14,251,362,12.07,69.3,8.37
207,Rutgers ,Big Ten ,2023-2024,32,8,24,397,12.4,590,0.67,547,17.1,132,4.1,747,"1,779",42,842,"1,962",42.9,602,18.8,22,446,625,19.53,71.4,13.94
237,Sacramento St. ,Big Sky ,2023-2024,31,6,25,367,11.8,540,0.68,303,9.8,87,2.8,637,"1,673",38.1,731,"1,783",41,493,15.9,6,288,419,13.52,68.7,9.29
240,Sacred Heart ,NEC ,2023-2024,34,24,10,402,11.8,445,0.90,567,16.7,79,2.3,824,"2,037",40.5,713,"1,811",39.4,544,16,5,412,600,17.65,68.7,12.12
333,Saint Francis PA,NEC ,2023-2024,30,5,25,293,9.8,502,0.58,373,12.4,45,1.5,580,"1,657",35,760,"1,769",43,511,17,5,257,382,12.73,67.3,8.57
76,Saint Joseph's ,Atlantic 10 ,2023-2024,34,28,6,501,14.7,444,1.13,309,9.1,101,3,828,"1,882",44,727,"1,904",38.2,437,12.9,2,363,449,13.21,80.8,10.68
81,Saint Louis ,Atlantic 10 ,2023-2024,40,22,18,585,14.6,648,0.90,747,18.7,83,2.1,"1,051","2,452",42.9,"1,015","2,330",43.6,725,18.1,23,554,714,17.85,77.6,13.85
133,Saint Mary's CA,WCC,2023-2024,31,13,18,421,13.6,491,0.86,599,19.3,66,2.1,703,"1,608",43.7,717,"1,725",41.6,503,16.2,5,302,407,13.13,74.2,9.74
303,Saint Peter's ,MAAC ,2023-2024,30,7,23,320,10.7,664,0.48,417,13.9,65,2.2,514,"1,475",34.8,686,"1,663",41.3,510,17,15,329,476,15.87,69.1,10.97
266,Sam Houston ,CUSA ,2023-2024,29,7,22,330,11.4,530,0.62,609,21,71,2.4,644,"1,811",35.6,789,"1,757",44.9,564,19.4,17,483,693,23.90,69.7,16.66
307,Samford ,SoCon ,2023-2024,30,14,16,318,10.6,438,0.73,479,16,113,3.8,624,"1,635",38.2,682,"1,737",39.3,448,14.9,5,332,529,17.63,62.8,11.07
79,San Diego ,WCC ,2023-2024,31,9,22,455,14.7,530,0.86,467,15.1,105,3.4,732,"1,777",41.2,764,"1,809",42.2,546,17.6,8,380,538,17.35,70.6,12.26
156,San Diego St. ,Mountain West ,2023-2024,35,22,13,463,13.2,470,0.99,526,15,112,3.2,844,"2,047",41.2,830,"2,045",40.6,518,14.8,9,441,583,16.66,75.6,12.60
80,San Francisco ,WCC ,2023-2024,30,14,16,440,14.7,465,0.95,378,12.6,71,2.4,724,"1,840",39.3,748,"1,812",41.3,469,15.6,7,363,526,17.53,69,12.10
152,San Jose St. ,Mountain West ,2023-2024,31,7,24,411,13.3,626,0.66,547,17.6,94,3,697,"1,705",40.9,700,"1,697",41.2,565,18.2,11,272,376,12.13,72.3,8.77
64,Santa Clara ,WCC ,2023-2024,34,25,9,510,15,458,1.11,641,18.9,106,3.1,856,"1,995",42.9,758,"1,891",40.1,490,14.4,6,382,469,13.79,81.4,11.24
187,Seattle U ,WAC ,2023-2024,29,6,23,369,12.7,518,0.71,453,15.6,87,3,664,"1,744",38.1,778,"1,776",43.8,553,19.1,22,325,457,15.76,71.1,11.21
165,Seton Hall ,Big East ,2023-2024,32,17,15,420,13.1,440,0.95,568,17.8,79,2.5,765,"1,855",41.2,693,"1,705",40.6,509,15.9,5,351,467,14.59,75.2,10.97
34,SFA ,WAC ,2023-2024,34,22,12,561,16.5,527,1.06,659,19.4,126,3.7,916,"2,161",42.4,854,"2,120",40.3,585,17.2,12,499,670,19.71,74.5,14.68
147,Siena ,MAAC ,2023-2024,30,18,12,400,13.3,514,0.78,417,13.9,90,3,775,"1,850",41.9,694,"1,760",39.4,519,17.3,20,293,422,14.07,69.4,9.77
95,SIUE ,OVC ,2023-2024,31,5,26,446,14.4,553,0.81,502,16.2,89,2.9,710,"1,808",39.3,856,"1,961",43.7,613,19.8,21,444,570,18.39,77.9,14.32
77,SMU ,AAC ,2023-2024,30,14,16,441,14.7,439,1.00,414,13.8,101,3.4,779,"1,790",43.5,734,"1,814",40.5,514,17.1,10,411,591,19.70,69.5,13.70
300,South Alabama ,Sun Belt ,2023-2024,32,9,23,343,10.7,614,0.56,570,17.8,69,2.2,677,"1,829",37,831,"2,013",41.3,628,19.6,24,406,566,17.69,71.7,12.69
13,South Carolina ,SEC ,2023-2024,38,38,0,702,18.5,495,1.42,"1,288",33.9,297,7.8,"1,255","2,550",49.2,787,"2,433",32.3,541,14.2,7,484,703,18.50,68.8,12.74
349,South Carolina St. ,MEAC ,2023-2024,30,2,28,243,8.1,667,0.36,555,18.5,81,2.7,509,"1,443",35.3,751,"1,846",40.7,485,16.2,8,347,520,17.33,66.7,11.57
46,South Dakota ,Summit League ,2023-2024,36,23,13,568,15.8,554,1.03,899,25,96,2.7,878,"2,057",42.7,875,"2,203",39.7,573,15.9,9,510,654,18.17,78,14.17
57,South Dakota St. ,Summit League ,2023-2024,33,27,6,504,15.3,485,1.04,489,14.8,146,4.4,881,"1,844",47.8,733,"1,966",37.3,465,14.1,5,443,626,18.97,70.8,13.42
78,South Fla. ,AAC ,2023-2024,33,19,14,485,14.7,441,1.10,611,18.5,133,4,776,"1,971",39.4,730,"1,904",38.3,539,16.3,9,368,489,14.82,75.3,11.15
268,Southeast Mo. St. ,OVC ,2023-2024,29,9,20,329,11.3,483,0.68,541,18.7,72,2.5,649,"1,712",37.9,670,"1,580",42.4,581,20,8,372,527,18.17,70.6,12.83
226,Southeastern La. ,Southland ,2023-2024,31,19,12,375,12.1,414,0.91,799,25.8,83,2.7,736,"1,829",40.2,608,"1,718",35.4,555,17.9,17,390,564,18.19,69.1,12.58
68,Southern California ,Pac-12 ,2023-2024,35,29,6,521,14.9,423,1.23,343,9.8,210,6,930,"2,199",42.3,795,"2,049",38.8,564,16.1,10,491,655,18.71,75,14.03
129,Southern Ill. ,MVC ,2023-2024,31,11,20,423,13.6,503,0.84,399,12.9,97,3.1,737,"1,877",39.3,760,"1,724",44.1,613,19.8,17,420,603,19.45,69.7,13.55
169,Southern Miss. ,Sun Belt ,2023-2024,34,20,14,443,13,565,0.78,445,13.1,95,2.8,871,"2,055",42.4,777,"2,040",38.1,563,16.6,14,415,553,16.26,75,12.21
238,Southern U. ,SWAC ,2023-2024,30,15,15,355,11.8,493,0.72,709,23.6,71,2.4,663,"1,705",38.9,645,"1,563",41.3,606,20.2,15,368,563,18.77,65.4,12.27
104,Southern Utah ,WAC ,2023-2024,30,8,22,427,14.2,454,0.94,319,10.6,113,3.8,757,"1,821",41.6,822,"1,899",43.3,466,15.5,6,276,422,14.07,65.4,9.20
343,St. Bonaventure ,Atlantic 10 ,2023-2024,30,4,26,271,9,492,0.55,348,11.6,49,1.6,583,"1,620",36,753,"1,721",43.8,457,15.2,6,309,423,14.10,73,10.30
249,St. John's NY,Big East ,2023-2024,33,18,15,384,11.6,441,0.87,322,9.8,75,2.3,738,"1,733",42.6,766,"1,795",42.7,429,13,8,364,490,14.85,74.3,11.03
15,Stanford ,Pac-12 ,2023-2024,36,30,6,659,18.3,448,1.47,673,18.7,192,5.3,"1,051","2,272",46.3,815,"2,282",35.7,531,14.8,9,423,546,15.17,77.5,11.75
342,Stetson ,ASUN ,2023-2024,32,17,15,292,9.1,517,0.56,674,21.1,89,2.8,676,"1,795",37.7,640,"1,709",37.4,535,16.7,7,377,576,18.00,65.5,11.78
84,Stony Brook ,CAA ,2023-2024,33,28,5,482,14.6,529,0.91,646,19.6,115,3.5,868,"2,016",43.1,721,"2,058",35,485,14.7,2,435,570,17.27,76.3,13.18
195,Syracuse ,ACC ,2023-2024,32,24,8,403,12.6,470,0.86,476,14.9,143,4.5,873,"2,101",41.6,796,"1,963",40.6,458,14.3,8,398,545,17.03,73,12.44
30,TCU ,Big 12 ,2023-2024,33,21,12,551,16.7,472,1.17,408,12.4,160,4.8,814,"1,873",43.5,738,"1,998",36.9,499,15.1,13,354,487,14.76,72.7,10.73
122,Temple ,AAC ,2023-2024,32,20,12,445,13.9,459,0.97,646,20.2,107,3.3,849,"2,148",39.5,703,"1,791",39.3,636,19.9,20,358,505,15.78,70.9,11.19
54,Tennessee ,SEC ,2023-2024,33,20,13,506,15.3,494,1.02,663,20.1,104,3.2,915,"2,103",43.5,898,"2,282",39.4,485,14.7,2,465,624,18.91,74.5,14.09
328,Tennessee St. ,OVC ,2023-2024,30,11,19,299,10,558,0.54,556,18.5,77,2.6,700,"1,820",38.5,707,"1,679",42.1,565,18.8,24,366,533,17.77,68.7,12.20
26,Tennessee Tech ,OVC ,2023-2024,31,16,15,523,16.9,489,1.07,665,21.5,111,3.6,760,"1,837",41.4,745,"1,667",44.7,598,19.3,6,413,537,17.32,76.9,13.32
41,Texas ,Big 12 ,2023-2024,38,33,5,613,16.1,519,1.18,846,22.3,173,4.6,"1,162","2,369",49.1,792,"2,063",38.4,655,17.2,7,571,804,21.16,71,15.03
62,Texas A&M ,SEC ,2023-2024,32,19,13,485,15.2,456,1.06,555,17.3,129,4,841,"2,060",40.8,668,"1,799",37.1,529,16.5,11,339,497,15.53,68.2,10.59
302,Texas Southern ,SWAC ,2023-2024,29,7,22,310,10.7,589,0.53,685,23.6,116,4,612,"1,711",35.8,765,"1,874",40.8,542,18.7,18,345,497,17.14,69.4,11.90
245,Texas St. ,Sun Belt ,2023-2024,32,14,18,375,11.7,575,0.65,696,21.8,75,2.3,736,"1,800",40.9,732,"1,752",41.8,580,18.1,17,427,577,18.03,74,13.34
178,Texas Tech ,Big 12 ,2023-2024,33,17,16,425,12.9,544,0.78,582,17.6,82,2.5,738,"1,842",40.1,766,"1,811",42.3,555,16.8,10,445,583,17.67,76.3,13.48
36,Toledo ,MAC ,2023-2024,34,28,6,556,16.4,442,1.26,724,21.3,99,2.9,904,"2,042",44.3,748,"1,901",39.3,516,15.2,4,436,588,17.29,74.1,12.82
256,Towson ,CAA ,2023-2024,31,20,11,359,11.6,431,0.83,633,20.4,111,3.6,754,"1,992",37.9,747,"1,858",40.2,530,17.1,6,367,512,16.52,71.7,11.84
53,Troy ,Sun Belt ,2023-2024,34,22,12,524,15.4,482,1.09,690,20.3,104,3.1,"1,060","2,528",41.9,937,"2,321",40.4,610,17.9,5,464,654,19.24,70.9,13.65
44,Tulane ,AAC ,2023-2024,32,12,20,506,15.8,537,0.94,372,11.6,92,2.9,751,"1,795",41.8,776,"1,911",40.6,472,14.8,9,327,426,13.31,76.8,10.22
113,Tulsa ,AAC ,2023-2024,35,25,10,495,14.1,553,0.90,466,13.3,164,4.7,872,"2,073",42.1,859,"2,263",38,620,17.7,9,420,611,17.46,68.7,12.00
122,UAB ,AAC ,2023-2024,32,18,14,445,13.9,452,0.98,550,17.2,89,2.8,809,"1,922",42.1,884,"2,058",43,478,14.9,8,413,540,16.88,76.5,12.91
142,UAlbany ,America East ,2023-2024,32,25,7,428,13.4,495,0.86,430,13.4,120,3.8,716,"1,659",43.2,618,"1,652",37.4,420,13.1,3,341,471,14.72,72.4,10.66
99,UC Davis ,Big West ,2023-2024,34,20,14,486,14.3,557,0.87,437,12.9,116,3.4,779,"1,885",41.3,728,"1,961",37.1,545,16,9,261,370,10.88,70.5,7.68
234,UC Irvine ,Big West ,2023-2024,32,23,9,381,11.9,469,0.81,808,25.3,82,2.6,745,"1,880",39.6,641,"1,642",39,533,16.7,7,385,533,16.66,72.2,12.03
259,UC Riverside ,Big West ,2023-2024,32,18,14,369,11.5,452,0.82,388,12.1,59,1.8,681,"1,880",36.2,692,"1,679",41.2,496,15.5,9,342,469,14.66,72.9,10.69
134,UC Santa Barbara ,Big West ,2023-2024,31,16,15,420,13.5,494,0.85,632,20.4,65,2.1,724,"1,741",41.6,734,"1,848",39.7,483,15.6,4,343,458,14.77,74.9,11.06
284,UCF ,Big 12 ,2023-2024,29,12,17,320,11,537,0.60,359,12.4,73,2.5,653,"1,628",40.1,678,"1,647",41.2,519,17.9,16,417,558,19.24,74.7,14.38
18,UCLA ,Pac-12 ,2023-2024,34,27,7,601,17.7,512,1.17,555,16.3,158,4.6,979,"2,196",44.6,712,"1,934",36.8,600,17.6,8,433,581,17.09,74.5,12.74
4,UConn ,Big East ,2023-2024,39,33,6,764,19.6,505,1.51,527,13.5,151,3.9,"1,192","2,402",49.6,820,"2,301",35.6,563,14.4,5,444,597,15.31,74.4,11.38
74,UIC ,MVC ,2023-2024,34,18,16,502,14.8,586,0.86,"1,032",30.4,69,2,842,"1,964",42.9,828,"2,010",41.2,629,18.5,4,519,762,22.41,68.1,15.26
238,UIW ,Southland ,2023-2024,30,19,11,355,11.8,432,0.82,666,22.2,72,2.4,655,"1,743",37.6,621,"1,637",37.9,494,16.5,7,395,547,18.23,72.2,13.17
106,ULM ,Sun Belt ,2023-2024,35,21,14,498,14.2,477,1.04,543,15.5,111,3.2,918,"2,238",41,844,"2,204",38.3,632,18.1,11,496,659,18.83,75.3,14.17
299,UMass Lowell ,America East ,2023-2024,29,4,25,311,10.7,471,0.66,460,15.9,93,3.2,589,"1,594",37,704,"1,650",42.7,429,14.8,5,219,351,12.10,62.4,7.55
332,UMBC ,America East ,2023-2024,29,10,19,286,9.9,483,0.59,497,17.1,57,2,632,"1,604",39.4,697,"1,652",42.2,468,16.1,11,299,441,15.21,67.8,10.31
257,UMES ,MEAC ,2023-2024,30,15,15,347,11.6,506,0.69,865,28.8,74,2.5,685,"1,797",38.1,623,"1,620",38.5,524,17.5,9,360,528,17.60,68.2,12.00
324,UNC Asheville ,Big South ,2023-2024,31,11,20,314,10.1,487,0.64,669,21.6,63,2,686,"1,873",36.6,680,"1,766",38.5,549,17.7,12,346,493,15.90,70.2,11.16
243,UNC Greensboro ,SoCon ,2023-2024,33,21,12,387,11.7,434,0.89,601,18.2,138,4.2,798,"1,963",40.7,671,"1,783",37.6,512,15.5,3,338,520,15.76,65,10.24
338,UNCW ,CAA ,2023-2024,30,5,25,285,9.5,571,0.50,354,11.8,85,2.8,582,"1,738",33.5,863,"1,965",43.9,439,14.6,7,368,502,16.73,73.3,12.27
138,UNI ,MVC ,2023-2024,32,16,16,430,13.4,405,1.06,667,20.8,95,3,871,"1,988",43.8,816,"1,947",41.9,542,16.9,6,365,508,15.88,71.9,11.41
47,UNLV ,Mountain West ,2023-2024,33,30,3,520,15.8,344,1.51,933,28.3,76,2.3,986,"2,127",46.4,751,"1,969",38.1,457,13.8,9,379,493,14.94,76.9,11.48
280,USC Upstate ,Big South ,2023-2024,32,16,16,357,11.2,606,0.59,599,18.7,64,2,663,"1,706",38.9,715,"1,825",39.2,537,16.8,10,385,533,16.66,72.2,12.03
49,UT Arlington ,WAC ,2023-2024,33,17,16,518,15.7,489,1.06,532,16.1,135,4.1,845,"2,005",42.1,831,"2,054",40.5,604,18.3,8,439,626,18.97,70.1,13.30
235,UT Martin ,OVC ,2023-2024,33,16,17,392,11.9,552,0.71,243,7.4,98,3,739,"1,704",43.4,768,"1,908",40.3,445,13.5,8,412,532,16.12,77.4,12.48
6,Utah ,Pac-12 ,2023-2024,34,23,11,660,19.4,470,1.40,566,16.6,82,2.4,974,"2,059",47.3,807,"1,950",41.4,508,14.9,6,334,446,13.12,74.9,9.82
346,Utah St. ,Mountain West ,2023-2024,30,5,25,268,8.9,536,0.50,577,19.2,107,3.6,584,"1,608",36.3,816,"1,886",43.3,498,16.6,6,371,522,17.40,71.1,12.37
64,Utah Valley ,WAC ,2023-2024,29,10,19,435,15,488,0.89,806,27.8,98,3.4,629,"1,674",37.6,642,"1,597",40.2,581,20,20,311,504,17.38,61.7,10.72
263,UTEP ,CUSA ,2023-2024,31,12,19,355,11.5,504,0.70,545,17.6,67,2.2,767,"1,778",43.1,782,"1,817",43,539,17.4,16,402,594,19.16,67.7,12.97
246,UTRGV ,WAC ,2023-2024,29,6,23,339,11.7,437,0.78,411,14.2,94,3.2,577,"1,701",33.9,756,"1,765",42.8,473,16.3,14,383,522,18.00,73.4,13.21
135,UTSA ,AAC ,2023-2024,33,18,15,446,13.5,565,0.79,654,19.8,152,4.6,824,"2,073",39.7,718,"1,979",36.3,645,19.5,15,322,494,14.97,65.2,9.76
267,Valparaiso ,MVC ,2023-2024,30,5,25,341,11.4,548,0.62,503,16.8,93,3.1,637,"1,613",39.5,745,"1,627",45.8,623,20.8,16,349,496,16.53,70.4,11.63
75,Vanderbilt ,SEC ,2023-2024,33,23,10,487,14.8,484,1.01,547,16.6,115,3.5,825,"2,018",40.9,761,"1,883",40.4,540,16.4,11,398,560,16.97,71.1,12.06
308,VCU ,Atlantic 10 ,2023-2024,32,26,6,338,10.6,495,0.68,532,16.6,86,2.7,723,"1,755",41.2,628,"1,740",36.1,478,14.9,3,402,562,17.56,71.5,12.56
163,Vermont ,America East ,2023-2024,37,25,12,486,13.1,457,1.06,595,16.1,143,3.9,860,"1,943",44.3,741,"1,938",38.2,481,13,4,295,413,11.16,71.4,7.97
72,Villanova ,Big East ,2023-2024,35,22,13,518,14.8,384,1.35,475,13.6,168,4.8,876,"2,149",40.8,778,"1,967",39.6,504,14.4,6,305,406,11.60,75.1,8.71
48,Virginia ,ACC ,2023-2024,32,16,16,503,15.7,465,1.08,727,22.7,142,4.4,835,"2,099",39.8,784,"1,951",40.2,601,18.8,14,431,558,17.44,77.2,13.47
28,Virginia Tech ,ACC ,2023-2024,33,25,8,552,16.7,415,1.33,460,13.9,185,5.6,924,"2,044",45.2,746,"1,988",37.5,516,15.6,9,336,435,13.18,77.2,10.18
339,Wagner ,NEC ,2023-2024,28,7,21,264,9.4,571,0.46,523,18.7,73,2.6,560,"1,517",36.9,664,"1,582",42,528,18.9,6,317,465,16.61,68.2,11.32
195,Wake Forest ,ACC ,2023-2024,32,7,25,403,12.6,476,0.85,541,16.9,68,2.1,688,"1,795",38.3,782,"1,781",43.9,549,17.2,7,324,447,13.97,72.5,10.13
164,Washington ,Pac-12 ,2023-2024,31,16,15,407,13.1,423,0.96,415,13.4,134,4.3,762,"1,812",42.1,694,"1,768",39.3,427,13.8,9,258,371,11.97,69.5,8.32
56,Washington St. ,Pac-12 ,2023-2024,36,21,15,551,15.3,451,1.22,567,15.8,186,5.2,953,"2,132",44.7,854,"2,166",39.4,459,12.8,7,356,464,12.89,76.7,9.89
312,Weber St. ,Big Sky ,2023-2024,33,8,25,346,10.5,521,0.66,462,14,76,2.3,686,"1,817",37.8,798,"1,874",42.6,505,15.3,8,344,489,14.82,70.3,10.42
96,West Virginia ,Big 12 ,2023-2024,33,25,8,474,14.4,493,0.96,564,17.1,110,3.3,878,"1,965",44.7,680,"1,708",39.8,575,17.4,11,445,646,19.58,68.9,13.48
197,Western Caro. ,SoCon ,2023-2024,30,6,24,377,12.6,533,0.71,618,20.6,69,2.3,653,"1,600",40.8,716,"1,791",40,502,16.7,9,283,422,14.07,67.1,9.43
110,Western Ill. ,OVC ,2023-2024,30,18,12,425,14.2,478,0.89,679,22.6,82,2.7,759,"1,795",42.3,712,"1,836",38.8,538,17.9,12,496,654,21.80,75.8,16.53
192,Western Ky. ,CUSA ,2023-2024,32,15,17,404,12.6,474,0.85,553,17.3,103,3.2,747,"1,908",39.2,700,"1,755",39.9,562,17.6,5,352,507,15.84,69.4,11.00
176,Western Mich. ,MAC ,2023-2024,30,12,18,388,12.9,479,0.81,564,18.8,45,1.5,668,"1,649",40.5,716,"1,638",43.7,536,17.9,13,293,421,14.03,69.6,9.77
206,Wichita St. ,AAC ,2023-2024,32,10,22,398,12.4,530,0.75,644,20.1,71,2.2,744,"1,948",38.2,838,"1,964",42.7,570,17.8,16,404,608,19.00,66.4,12.63
115,William & Mary ,CAA ,2023-2024,29,15,14,409,14.1,483,0.85,580,20,82,2.8,649,"1,662",39,648,"1,697",38.2,522,18,12,386,521,17.97,74.1,13.31
319,Winthrop ,Big South ,2023-2024,30,14,16,310,10.3,574,0.54,411,13.7,71,2.4,611,"1,660",36.8,657,"1,634",40.2,522,17.4,5,344,494,16.47,69.6,11.47
116,Wisconsin ,Big Ten ,2023-2024,32,15,17,450,14.1,591,0.76,405,12.7,143,4.5,715,"1,776",40.3,780,"1,936",40.3,511,16,10,387,524,16.38,73.9,12.09
236,Wofford ,SoCon ,2023-2024,30,17,13,356,11.9,362,0.98,327,10.9,73,2.4,723,"1,888",38.3,684,"1,813",37.7,459,15.3,9,320,416,13.87,76.9,10.67
130,Wright St. ,Horizon ,2023-2024,33,18,15,450,13.6,455,0.99,478,14.5,134,4.1,817,"1,970",41.5,865,"1,984",43.6,539,16.3,6,420,535,16.21,78.5,12.73
88,Wyoming ,Mountain West ,2023-2024,33,18,15,479,14.5,438,1.09,605,18.3,107,3.2,808,"1,778",45.4,737,"1,827",40.3,494,15,4,295,389,11.79,75.8,8.94
311,Xavier ,Big East ,2023-2024,28,1,27,294,10.5,533,0.55,396,14.1,47,1.7,528,"1,462",36.1,744,"1,649",45.1,462,16.5,8,193,285,10.18,67.7,6.89
209,Yale ,Ivy League ,2023-2024,27,8,19,334,12.4,401,0.83,275,10.2,83,3.1,628,"1,610",39,670,"1,495",44.8,493,18.3,19,276,407,15.07,67.8,10.22
71,Youngstown St. ,Horizon ,2023-2024,32,14,18,476,14.9,530,0.90,451,14.1,120,3.8,707,"1,782",39.7,714,"1,832",39,533,16.7,6,309,404,12.63,76.5,9.66
